ymw,bestseller_week,category,viral_index,viral_index_smoothed,article_count,start_date,end_date
2025011,2025.01.01 ~ 2025.01.07,거시경제/금융정책,2.920848921634512,2.920848921634512,161.0,2025-01-01,2025-01-07
2025011,2025.01.01 ~ 2025.01.07,경제이론/학술,1.6154803618287106,1.6154803618287106,28.0,2025-01-01,2025-01-07
2025011,2025.01.01 ~ 2025.01.07,금융시스템/위기,-0.04181168316825423,-0.04181168316825423,4.0,2025-01-01,2025-01-07
2025011,2025.01.01 ~ 2025.01.07,기업경영/리더십,4.244181751803513,4.244181751803513,635.0,2025-01-01,2025-01-07
2025011,2025.01.01 ~ 2025.01.07,미분류,0.17531405454312746,0.17531405454312746,52.0,2025-01-01,2025-01-07
2025011,2025.01.01 ~ 2025.01.07,부동산/실물자산,1.2198222545036117,1.2198222545036117,263.0,2025-01-01,2025-01-07
2025011,2025.01.01 ~ 2025.01.07,재테크/개인금융,0.7869463271678674,0.7869463271678674,27.0,2025-01-01,2025-01-07
2025011,2025.01.01 ~ 2025.01.07,주식투자/트레이딩,2.0920713170036964,2.0920713170036964,415.0,2025-01-01,2025-01-07
2025011,2025.01.01 ~ 2025.01.07,지정학/국제정세,-0.4804331461147391,-0.4804331461147391,79.0,2025-01-01,2025-01-07
2025011,2025.01.01 ~ 2025.01.07,테크/스타트업,1.0867726479290853,1.0867726479290853,248.0,2025-01-01,2025-01-07
2025011,2025.01.01 ~ 2025.01.07,투자철학/대가,0.8167630842789457,0.8167630842789457,14.0,2025-01-01,2025-01-07
2025012,2025.01.08 ~ 2025.01.14,거시경제/금융정책,-52.45618042305504,-24.767665750710265,45.0,2025-01-08,2025-01-14
2025012,2025.01.08 ~ 2025.01.14,경제이론/학술,-60.30165471418434,-29.343087176177814,5.0,2025-01-08,2025-01-14
2025012,2025.01.08 ~ 2025.01.14,금융시스템/위기,-60.924497557752396,-30.483154620460326,0.0,2025-01-08,2025-01-14
2025012,2025.01.08 ~ 2025.01.14,기업경영/리더십,-59.51691319979203,-27.63636572399426,131.0,2025-01-08,2025-01-14
2025012,2025.01.08 ~ 2025.01.14,미분류,-43.38166874185395,-21.60317734365541,20.0,2025-01-08,2025-01-14
2025012,2025.01.08 ~ 2025.01.14,부동산/실물자산,-54.550784539852216,-26.665481142674302,70.0,2025-01-08,2025-01-14
2025012,2025.01.08 ~ 2025.01.14,재테크/개인금융,-43.34636145151273,-21.27970756217243,10.0,2025-01-08,2025-01-14
2025012,2025.01.08 ~ 2025.01.14,주식투자/트레이딩,-66.4879319530809,-32.1979303180386,61.0,2025-01-08,2025-01-14
2025012,2025.01.08 ~ 2025.01.14,지정학/국제정세,-43.2251538849298,-21.852793515522272,31.0,2025-01-08,2025-01-14
2025012,2025.01.08 ~ 2025.01.14,테크/스타트업,-55.60109580043982,-27.257161576255367,63.0,2025-01-08,2025-01-14
2025012,2025.01.08 ~ 2025.01.14,투자철학/대가,-61.137633465940944,-30.160435190831,2.0,2025-01-08,2025-01-14
2025013,2025.01.15 ~ 2025.01.21,거시경제/금융정책,116.33095467956637,31.937387128255672,161.0,2025-01-15,2025-01-21
2025013,2025.01.15 ~ 2025.01.21,경제이론/학술,135.9904803618287,37.84441282382218,28.0,2025-01-15,2025-01-21
2025013,2025.01.15 ~ 2025.01.21,금융시스템/위기,140.51219311881113,39.79384778052936,5.0,2025-01-15,2025-01-21
2025013,2025.01.15 ~ 2025.01.21,기업경영/리더십,64.96146601374905,2.7222764069785086,350.0,2025-01-15,2025-01-21
2025013,2025.01.15 ~ 2025.01.21,미분류,154.3345848290938,55.47645804361993,105.0,2025-01-15,2025-01-21
2025013,2025.01.15 ~ 2025.01.21,부동산/실물자산,138.44458802114528,41.94690174064653,298.0,2025-01-15,2025-01-21
2025013,2025.01.15 ~ 2025.01.21,재테크/개인금융,12.175481730734228,-15.58543986038925,15.0,2025-01-15,2025-01-21
2025013,2025.01.15 ~ 2025.01.21,주식투자/트레이딩,135.37703650871075,34.44455227781492,386.0,2025-01-15,2025-01-21
2025013,2025.01.15 ~ 2025.01.21,지정학/국제정세,146.17295186972493,51.473898992397565,131.0,2025-01-15,2025-01-21
2025013,2025.01.15 ~ 2025.01.21,테크/스타트업,91.20325699322659,17.801080596393383,198.0,2025-01-15,2025-01-21
2025013,2025.01.15 ~ 2025.01.21,투자철학/대가,130.59138874884803,34.72687764145354,12.0,2025-01-15,2025-01-21
2025014,2025.01.22 ~ 2025.01.28,거시경제/금융정책,-12.539789858286433,51.895582410639975,114.0,2025-01-22,2025-01-28
2025014,2025.01.22 ~ 2025.01.28,경제이론/학술,-17.2499356968135,59.370272332507604,18.0,2025-01-22,2025-01-28
2025014,2025.01.22 ~ 2025.01.28,금융시스템/위기,13.845526452144446,77.17885978547778,5.0,2025-01-22,2025-01-28
2025014,2025.01.22 ~ 2025.01.28,기업경영/리더십,-15.49642631318201,24.732519850283516,281.0,2025-01-22,2025-01-28
2025014,2025.01.22 ~ 2025.01.28,미분류,-19.570646562105704,67.38196913349405,56.0,2025-01-22,2025-01-28
2025014,2025.01.22 ~ 2025.01.28,부동산/실물자산,-6.032011475413817,66.20628827286573,229.0,2025-01-22,2025-01-28
2025014,2025.01.22 ~ 2025.01.28,재테크/개인금융,-13.735388192123295,-0.7799532306945336,13.0,2025-01-22,2025-01-28
2025014,2025.01.22 ~ 2025.01.28,주식투자/트레이딩,-12.176172567671042,61.60043197051985,277.0,2025-01-22,2025-01-28
2025014,2025.01.22 ~ 2025.01.28,지정학/국제정세,-17.4412844299854,64.36583371986976,78.0,2025-01-22,2025-01-28
2025014,2025.01.22 ~ 2025.01.28,테크/스타트업,16.939522762420488,54.071389877823535,230.0,2025-01-22,2025-01-28
2025014,2025.01.22 ~ 2025.01.28,투자철학/대가,-17.134794165189973,56.72829729182903,8.0,2025-01-22,2025-01-28
2025021,2025.01.29 ~ 2025.02.04,거시경제/금융정책,81.75298865453438,34.60659939812398,247.0,2025-01-29,2025-02-04
2025021,2025.01.29 ~ 2025.02.04,경제이론/학술,42.08611410497423,12.418089204080367,29.0,2025-01-29,2025-02-04
2025021,2025.01.29 ~ 2025.02.04,금융시스템/위기,130.0,71.92276322607222,16.0,2025-01-29,2025-02-04
2025021,2025.01.29 ~ 2025.02.04,기업경영/리더십,58.90263096392815,21.703102325373067,508.0,2025-01-29,2025-02-04
2025021,2025.01.29 ~ 2025.02.04,미분류,33.663794504076705,7.046573970985499,85.0,2025-01-29,2025-02-04
2025021,2025.01.29 ~ 2025.02.04,부동산/실물자산,34.75446872489881,14.361228624742495,323.0,2025-01-29,2025-02-04
2025021,2025.01.29 ~ 2025.02.04,재테크/개인금융,143.22263107238695,64.74362144013182,46.0,2025-01-29,2025-02-04
2025021,2025.01.29 ~ 2025.02.04,주식투자/트레이딩,59.46003095290858,23.64192919261877,495.0,2025-01-29,2025-02-04
2025021,2025.01.29 ~ 2025.02.04,지정학/국제정세,133.61036006812657,58.084537819070576,250.0,2025-01-29,2025-02-04
2025021,2025.01.29 ~ 2025.02.04,테크/스타트업,78.894582442589,47.91705260250475,449.0,2025-01-29,2025-02-04
2025021,2025.01.29 ~ 2025.02.04,투자철학/대가,145.5324860447811,64.19884593979558,29.0,2025-01-29,2025-02-04
2025022,2025.02.05 ~ 2025.02.11,거시경제/금융정책,-50.040324432647736,15.856332110943328,70.0,2025-02-05,2025-02-11
2025022,2025.02.05 ~ 2025.02.11,경제이론/학술,-34.95641411351589,3.564849995729169,14.0,2025-02-05,2025-02-11
2025022,2025.02.05 ~ 2025.02.11,금융시스템/위기,-51.790112385325884,39.10494380733706,3.0,2025-02-05,2025-02-11
2025022,2025.02.05 ~ 2025.02.11,기업경영/리더십,-30.905422678135512,13.998604142896317,254.0,2025-02-05,2025-02-11
2025022,2025.02.05 ~ 2025.02.11,미분류,-10.115262698637117,11.774265902719794,70.0,2025-02-05,2025-02-11
2025022,2025.02.05 ~ 2025.02.11,부동산/실물자산,-30.463617058253476,2.1454258333226655,178.0,2025-02-05,2025-02-11
2025022,2025.02.05 ~ 2025.02.11,재테크/개인금융,-6.478555601666268,68.37203773536034,30.0,2025-02-05,2025-02-11
2025022,2025.02.05 ~ 2025.02.11,주식투자/트레이딩,-29.087232016963174,15.186399467972704,263.0,2025-02-05,2025-02-11
2025022,2025.02.05 ~ 2025.02.11,지정학/국제정세,-34.13038928398248,49.73998539207204,102.0,2025-02-05,2025-02-11
2025022,2025.02.05 ~ 2025.02.11,테크/스타트업,-32.84259571782665,23.025993362381183,197.0,2025-02-05,2025-02-11
2025022,2025.02.05 ~ 2025.02.11,투자철학/대가,-57.09731019045494,44.21758792716308,5.0,2025-02-05,2025-02-11
2025023,2025.02.12 ~ 2025.02.18,거시경제/금융정책,-7.647119930979389,-28.843722181813547,82.0,2025-02-12,2025-02-18
2025023,2025.02.12 ~ 2025.02.18,경제이론/학술,-14.881465538583335,-24.918939826049613,13.0,2025-02-12,2025-02-18
2025023,2025.02.12 ~ 2025.02.18,금융시스템/위기,-5.0418116831682545,-28.41596203424707,4.0,2025-02-12,2025-02-18
2025023,2025.02.12 ~ 2025.02.18,기업경영/리더십,-2.681871377103794,-16.793647027619652,277.0,2025-02-12,2025-02-18
2025023,2025.02.12 ~ 2025.02.18,미분류,-34.111398008995124,-22.11333035381612,38.0,2025-02-12,2025-02-18
2025023,2025.02.12 ~ 2025.02.18,부동산/실물자산,13.883507859709901,-8.290054599271787,239.0,2025-02-12,2025-02-18
2025023,2025.02.12 ~ 2025.02.18,재테크/개인금융,-31.22407377885333,-18.851314690259798,17.0,2025-02-12,2025-02-18
2025023,2025.02.12 ~ 2025.02.18,주식투자/트레이딩,-6.262244357455328,-17.67473818720925,268.0,2025-02-12,2025-02-18
2025023,2025.02.12 ~ 2025.02.18,지정학/국제정세,-16.313716669224195,-25.222052976603337,91.0,2025-02-12,2025-02-18
2025023,2025.02.12 ~ 2025.02.18,테크/스타트업,-18.671676743863063,-25.757136230844857,173.0,2025-02-12,2025-02-18
2025023,2025.02.12 ~ 2025.02.18,투자철학/대가,24.482757884999305,-16.30727615272783,10.0,2025-02-12,2025-02-18
2025024,2025.02.19 ~ 2025.02.25,거시경제/금융정책,12.13863280333025,2.2457564361754443,114.0,2025-02-19,2025-02-25
2025024,2025.02.19 ~ 2025.02.25,경제이론/학술,31.188523675924596,8.15352906867063,22.0,2025-02-19,2025-02-25
2025024,2025.02.19 ~ 2025.02.25,금융시스템/위기,-40.59809714919596,-22.819954416182107,2.0,2025-02-19,2025-02-25
2025024,2025.02.19 ~ 2025.02.25,기업경영/리더십,16.578955819801397,6.948542221348802,370.0,2025-02-19,2025-02-25
2025024,2025.02.19 ~ 2025.02.25,미분류,88.54480727772686,27.21670463436587,105.0,2025-02-19,2025-02-25
2025024,2025.02.19 ~ 2025.02.25,부동산/실물자산,10.473695635026168,12.178601747368035,274.0,2025-02-19,2025-02-25
2025024,2025.02.19 ~ 2025.02.25,재테크/개인금융,22.493255245557542,-4.3654092666478945,28.0,2025-02-19,2025-02-25
2025024,2025.02.19 ~ 2025.02.25,주식투자/트레이딩,13.08080672649709,3.4092811845208812,346.0,2025-02-19,2025-02-25
2025024,2025.02.19 ~ 2025.02.25,지정학/국제정세,27.341465611510657,5.513874471143231,149.0,2025-02-19,2025-02-25
2025024,2025.02.19 ~ 2025.02.25,테크/스타트업,42.15384434491331,11.741083800525121,323.0,2025-02-19,2025-02-25
2025024,2025.02.19 ~ 2025.02.25,투자철학/대가,80.66468952802875,52.573723706514016,26.0,2025-02-19,2025-02-25
2025031,2025.02.26 ~ 2025.03.04,거시경제/금융정책,-30.140860254845283,-9.001113725757502,60.0,2025-02-26,2025-03-04
2025031,2025.02.26 ~ 2025.03.04,경제이론/학술,-22.645527563514925,4.271498056204836,13.0,2025-02-26,2025-03-04
2025031,2025.02.26 ~ 2025.03.04,금융시스템/위기,92.28686938943652,25.84438612012028,7.0,2025-02-26,2025-03-04
2025031,2025.02.26 ~ 2025.03.04,기업경영/리더십,-20.421363939532473,-1.9212040598655378,241.0,2025-02-26,2025-03-04
2025031,2025.02.26 ~ 2025.03.04,미분류,-44.50290667008813,22.020950303819365,35.0,2025-02-26,2025-03-04
2025031,2025.02.26 ~ 2025.03.04,부동산/실물자산,-24.580428838654985,-7.0533666018144086,168.0,2025-02-26,2025-03-04
2025031,2025.02.26 ~ 2025.03.04,재테크/개인금융,-40.55284344210907,-9.029794098275765,12.0,2025-02-26,2025-03-04
2025031,2025.02.26 ~ 2025.03.04,주식투자/트레이딩,-21.313198243747802,-4.116195758625356,227.0,2025-02-26,2025-03-04
2025031,2025.02.26 ~ 2025.03.04,지정학/국제정세,-26.018998711458273,0.6612334500261916,84.0,2025-02-26,2025-03-04
2025031,2025.02.26 ~ 2025.03.04,테크/스타트업,-32.62101362287565,4.766415361018829,153.0,2025-02-26,2025-03-04
2025031,2025.02.26 ~ 2025.03.04,투자철학/대가,-27.9416773231173,26.361506102455706,11.0,2025-02-26,2025-03-04
2025032,2025.03.05 ~ 2025.03.11,거시경제/금융정책,2.57356915304804,-13.783645550898607,72.0,2025-03-05,2025-03-11
2025032,2025.03.05 ~ 2025.03.11,경제이론/학술,22.29982326888066,-0.1728521473171316,19.0,2025-03-05,2025-03-11
2025032,2025.03.05 ~ 2025.03.11,금융시스템/위기,-16.94657358793016,37.67014790075318,4.0,2025-03-05,2025-03-11
2025032,2025.03.05 ~ 2025.03.11,기업경영/리더십,-16.915535514941546,-18.66844972723701,204.0,2025-03-05,2025-03-11
2025032,2025.03.05 ~ 2025.03.11,미분류,11.882598132883658,-16.310154268602236,50.0,2025-03-05,2025-03-11
2025032,2025.03.05 ~ 2025.03.11,부동산/실물자산,-14.092078811310376,-19.33625382498268,155.0,2025-03-05,2025-03-11
2025032,2025.03.05 ~ 2025.03.11,재테크/개인금융,62.294411492556485,10.870784025223706,28.0,2025-03-05,2025-03-11
2025032,2025.03.05 ~ 2025.03.11,주식투자/트레이딩,-2.8234736979243094,-12.068335970836056,239.0,2025-03-05,2025-03-11
2025032,2025.03.05 ~ 2025.03.11,지정학/국제정세,3.1320304082518358,-11.443484151603219,97.0,2025-03-05,2025-03-11
2025032,2025.03.05 ~ 2025.03.11,테크/스타트업,-18.898702363124407,-25.75985799300003,133.0,2025-03-05,2025-03-11
2025032,2025.03.05 ~ 2025.03.11,투자철학/대가,2.2094522606495097,-12.86611253123391,13.0,2025-03-05,2025-03-11
2025033,2025.03.12 ~ 2025.03.18,거시경제/금융정책,85.34516557846263,43.95936736575535,174.0,2025-03-12,2025-03-18
2025033,2025.03.12 ~ 2025.03.18,경제이론/학술,108.78355417544836,65.54168872216451,52.0,2025-03-12,2025-03-18
2025033,2025.03.12 ~ 2025.03.18,금융시스템/위기,38.95353605610318,11.003481234086511,7.0,2025-03-12,2025-03-18
2025033,2025.03.12 ~ 2025.03.18,기업경영/리더십,96.00239381878086,39.54342915191965,553.0,2025-03-12,2025-03-18
2025033,2025.03.12 ~ 2025.03.18,미분류,92.751828994204,52.31721356354383,130.0,2025-03-12,2025-03-18
2025033,2025.03.12 ~ 2025.03.18,부동산/실물자산,123.93158367233347,54.91975243051155,492.0,2025-03-12,2025-03-18
2025033,2025.03.12 ~ 2025.03.18,재테크/개인금융,85.71404598602949,74.00422873929298,61.0,2025-03-12,2025-03-18
2025033,2025.03.12 ~ 2025.03.18,주식투자/트레이딩,92.98409096257656,45.08030863232612,601.0,2025-03-12,2025-03-18
2025033,2025.03.12 ~ 2025.03.18,지정학/국제정세,102.39357004490485,52.76280022657834,260.0,2025-03-12,2025-03-18
2025033,2025.03.12 ~ 2025.03.18,테크/스타트업,61.14180796360715,21.12155280024137,292.0,2025-03-12,2025-03-18
2025033,2025.03.12 ~ 2025.03.18,투자철학/대가,68.47203645421101,35.340744357430246,29.0,2025-03-12,2025-03-18
2025034,2025.03.19 ~ 2025.03.25,거시경제/금융정책,-56.28304556304458,14.531060007709037,36.0,2025-03-19,2025-03-25
2025034,2025.03.19 ~ 2025.03.25,경제이론/학술,-59.98970407690808,24.396925049270138,8.0,2025-03-19,2025-03-25
2025034,2025.03.19 ~ 2025.03.25,금융시스템/위기,-69.98510361835847,-15.515783781127642,0.0,2025-03-19,2025-03-25
2025034,2025.03.19 ~ 2025.03.25,기업경영/리더십,-47.846211368865816,24.07809122495752,158.0,2025-03-19,2025-03-25
2025034,2025.03.19 ~ 2025.03.25,미분류,-57.57534214941729,17.588243422393358,24.0,2025-03-19,2025-03-25
2025034,2025.03.19 ~ 2025.03.25,부동산/실물자산,-44.8317218983787,39.549930886977386,145.0,2025-03-19,2025-03-25
2025034,2025.03.19 ~ 2025.03.25,재테크/개인금융,-61.279913581322184,12.217066202353653,9.0,2025-03-19,2025-03-25
2025034,2025.03.19 ~ 2025.03.25,주식투자/트레이딩,-50.79576122799329,21.094164867291635,155.0,2025-03-19,2025-03-25
2025034,2025.03.19 ~ 2025.03.25,지정학/국제정세,-46.934422581359584,27.729573731772632,72.0,2025-03-19,2025-03-25
2025034,2025.03.19 ~ 2025.03.25,테크/스타트업,-37.80525926590148,11.668274348852833,118.0,2025-03-19,2025-03-25
2025034,2025.03.19 ~ 2025.03.25,투자철학/대가,-35.7698752689623,16.35108059262434,11.0,2025-03-19,2025-03-25
2025041,2025.03.26 ~ 2025.04.01,거시경제/금융정책,2.6639265269851444,-26.809559518029705,53.0,2025-03-26,2025-04-01
2025041,2025.03.26 ~ 2025.04.01,경제이론/학술,-25.957981082920927,-42.9738425799145,8.0,2025-03-26,2025-04-01
2025041,2025.03.26 ~ 2025.04.01,금융시스템/위기,114.95973907040793,22.487317726024735,3.0,2025-03-26,2025-04-01
2025041,2025.03.26 ~ 2025.04.01,기업경영/리더십,-16.857220846062024,-32.35171610746392,160.0,2025-03-26,2025-04-01
2025041,2025.03.26 ~ 2025.04.01,미분류,-38.21389699613151,-47.8946195727744,18.0,2025-03-26,2025-04-01
2025041,2025.03.26 ~ 2025.04.01,부동산/실물자산,-38.724365520540736,-41.77804370945972,94.0,2025-03-26,2025-04-01
2025041,2025.03.26 ~ 2025.04.01,재테크/개인금융,-27.352199789431822,-44.31605668537699,9.0,2025-03-26,2025-04-01
2025041,2025.03.26 ~ 2025.04.01,주식투자/트레이딩,-32.884353057793994,-41.84005714289364,122.0,2025-03-26,2025-04-01
2025041,2025.03.26 ~ 2025.04.01,지정학/국제정세,-39.24697234707299,-43.09069746421629,47.0,2025-03-26,2025-04-01
2025041,2025.03.26 ~ 2025.04.01,테크/스타트업,-30.59222426730117,-34.19874176660133,86.0,2025-03-26,2025-04-01
2025041,2025.03.26 ~ 2025.04.01,투자철학/대가,-0.7905477393504902,-18.28021150415641,13.0,2025-03-26,2025-04-01
2025042,2025.04.02 ~ 2025.04.08,거시경제/금융정책,-81.88403214496068,-39.61005280898776,0.0,2025-04-02,2025-04-08
2025042,2025.04.02 ~ 2025.04.08,경제이론/학술,-76.47454514800027,-51.2162631154606,0.0,2025-04-02,2025-04-08
2025042,2025.04.02 ~ 2025.04.08,금융시스템/위기,-40.37049275577303,37.29462315731745,1.0,2025-04-02,2025-04-08
2025042,2025.04.02 ~ 2025.04.08,기업경영/리더십,-82.20598899041252,-49.53160491823728,1.0,2025-04-02,2025-04-08
2025042,2025.04.02 ~ 2025.04.08,미분류,-77.16705775160206,-57.690477373866784,1.0,2025-04-02,2025-04-08
2025042,2025.04.02 ~ 2025.04.08,부동산/실물자산,-81.57645145727176,-60.15040848890625,2.0,2025-04-02,2025-04-08
2025042,2025.04.02 ~ 2025.04.08,재테크/개인금융,-77.1156836259798,-52.23394170770581,0.0,2025-04-02,2025-04-08
2025042,2025.04.02 ~ 2025.04.08,주식투자/트레이딩,-83.16690136931507,-58.02562721355453,0.0,2025-04-02,2025-04-08
2025042,2025.04.02 ~ 2025.04.08,지정학/국제정세,-78.02535275163189,-58.63616254935244,3.0,2025-04-02,2025-04-08
2025042,2025.04.02 ~ 2025.04.08,테크/스타트업,-81.0015137295748,-55.79686899843798,2.0,2025-04-02,2025-04-08
2025042,2025.04.02 ~ 2025.04.08,투자철학/대가,-77.35476137886398,-39.07265455910725,0.0,2025-04-02,2025-04-08
2025043,2025.04.09 ~ 2025.04.15,거시경제/금융정책,131.01006480737536,24.563016331207344,44.0,2025-04-09,2025-04-15
2025043,2025.04.09 ~ 2025.04.15,경제이론/학술,146.9460402889225,35.23574757046111,13.0,2025-04-09,2025-04-15
2025043,2025.04.09 ~ 2025.04.15,금융시스템/위기,57.586001696670564,8.607754470448768,3.0,2025-04-09,2025-04-15
2025043,2025.04.09 ~ 2025.04.15,기업경영/리더십,135.48486727992153,26.639439144754498,175.0,2025-04-09,2025-04-15
2025043,2025.04.09 ~ 2025.04.15,미분류,141.817550404945,32.32524632667147,29.0,2025-04-09,2025-04-15
2025043,2025.04.09 ~ 2025.04.15,부동산/실물자산,131.67994861200478,25.05174857736651,120.0,2025-04-09,2025-04-15
2025043,2025.04.09 ~ 2025.04.15,재테크/개인금융,133.375250270099,28.129783322059602,10.0,2025-04-09,2025-04-15
2025043,2025.04.09 ~ 2025.04.15,주식투자/트레이딩,137.69014241085267,27.2616205207688,163.0,2025-04-09,2025-04-15
2025043,2025.04.09 ~ 2025.04.15,지정학/국제정세,167.305942602647,44.64029492550756,143.0,2025-04-09,2025-04-15
2025043,2025.04.09 ~ 2025.04.15,테크/스타트업,129.4462864375028,24.222386353964012,97.0,2025-04-09,2025-04-15
2025043,2025.04.09 ~ 2025.04.15,투자철학/대가,98.4481719813444,10.546705301240195,3.0,2025-04-09,2025-04-15
2025044,2025.04.16 ~ 2025.04.22,거시경제/금융정책,92.08958010914166,111.54982245825852,101.0,2025-04-16,2025-04-22
2025044,2025.04.16 ~ 2025.04.22,경제이론/학술,92.01979303029233,119.48291665960741,28.0,2025-04-16,2025-04-22
2025044,2025.04.16 ~ 2025.04.22,금융시스템/위기,-57.712376345631185,-0.06318732448031028,0.0,2025-04-16,2025-04-22
2025044,2025.04.16 ~ 2025.04.22,기업경영/리더십,69.19699527254899,102.34093127623524,314.0,2025-04-16,2025-04-22
2025044,2025.04.16 ~ 2025.04.22,미분류,111.08591626349003,126.45173333421752,71.0,2025-04-16,2025-04-22
2025044,2025.04.16 ~ 2025.04.22,부동산/실물자산,82.7542804044236,107.2171145082142,237.0,2025-04-16,2025-04-22
2025044,2025.04.16 ~ 2025.04.22,재테크/개인금융,161.72074258177167,147.54799642593534,37.0,2025-04-16,2025-04-22
2025044,2025.04.16 ~ 2025.04.22,주식투자/트레이딩,87.5780910928566,112.63411675185463,331.0,2025-04-16,2025-04-22
2025044,2025.04.16 ~ 2025.04.22,지정학/국제정세,42.96913729262864,105.13753994763782,167.0,2025-04-16,2025-04-22
2025044,2025.04.16 ~ 2025.04.22,테크/스타트업,78.63619854452935,104.04124249101608,190.0,2025-04-16,2025-04-22
2025044,2025.04.16 ~ 2025.04.22,투자철학/대가,156.92027362042668,127.68422280088552,16.0,2025-04-16,2025-04-22
2025045,2025.04.23 ~ 2025.04.29,거시경제/금융정책,-14.245930726236669,38.9218246914525,56.0,2025-04-23,2025-04-29
2025045,2025.04.23 ~ 2025.04.29,경제이론/학술,-42.19855248289377,24.910620273699283,8.0,2025-04-23,2025-04-29
2025045,2025.04.23 ~ 2025.04.29,금융시스템/위기,86.850178712873,14.568901183620909,2.0,2025-04-23,2025-04-29
2025045,2025.04.23 ~ 2025.04.29,기업경영/리더십,16.338179734394643,42.767587503471816,289.0,2025-04-23,2025-04-29
2025045,2025.04.23 ~ 2025.04.29,미분류,-0.2965507917715261,55.394682735859256,49.0,2025-04-23,2025-04-29
2025045,2025.04.23 ~ 2025.04.29,부동산/실물자산,2.708714987025853,42.73149769572473,178.0,2025-04-23,2025-04-29
2025045,2025.04.23 ~ 2025.04.29,재테크/개인금융,10.189303805776653,85.95502319377417,28.0,2025-04-23,2025-04-29
2025045,2025.04.23 ~ 2025.04.29,주식투자/트레이딩,-7.065550640371502,40.25627022624255,212.0,2025-04-23,2025-04-29
2025045,2025.04.23 ~ 2025.04.29,지정학/국제정세,-7.614748889944516,17.67719420134206,117.0,2025-04-23,2025-04-29
2025045,2025.04.23 ~ 2025.04.29,테크/스타트업,14.588504121394916,46.612351332962135,170.0,2025-04-23,2025-04-29
2025045,2025.04.23 ~ 2025.04.29,투자철학/대가,26.10622045073604,91.51324703558136,15.0,2025-04-23,2025-04-29
2025051,2025.04.30 ~ 2025.05.06,거시경제/금융정책,4.683726007101333,-4.781102359567668,65.0,2025-04-30,2025-05-06
2025051,2025.04.30 ~ 2025.05.06,경제이론/학술,-11.36137898630281,-26.77996573459829,9.0,2025-04-30,2025-05-06
2025051,2025.04.30 ~ 2025.05.06,금융시스템/위기,26.07085018151904,56.46051444719602,3.0,2025-04-30,2025-05-06
2025051,2025.04.30 ~ 2025.05.06,기업경영/리더십,-34.30615656773905,-8.983988416672204,151.0,2025-04-30,2025-05-06
2025051,2025.04.30 ~ 2025.05.06,미분류,-15.348029091415842,-7.822289941593684,39.0,2025-04-30,2025-05-06
2025051,2025.04.30 ~ 2025.05.06,부동산/실물자산,-16.694956972837844,-6.993120992905995,139.0,2025-04-30,2025-05-06
2025051,2025.04.30 ~ 2025.05.06,재테크/개인금융,-31.612419289742,-10.711557741982674,15.0,2025-04-30,2025-05-06
2025051,2025.04.30 ~ 2025.05.06,주식투자/트레이딩,-31.228449026217007,-19.146999833294252,133.0,2025-04-30,2025-05-06
2025051,2025.04.30 ~ 2025.05.06,지정학/국제정세,-21.94592929504463,-14.780339092494572,89.0,2025-04-30,2025-05-06
2025051,2025.04.30 ~ 2025.05.06,테크/스타트업,-35.5302342816412,-10.47086508012314,87.0,2025-04-30,2025-05-06
2025051,2025.04.30 ~ 2025.05.06,투자철학/대가,-44.32345293303714,-9.108616241150564,5.0,2025-04-30,2025-05-06
2025052,2025.05.07 ~ 2025.05.13,거시경제/금융정책,20.432571556878397,12.558148781989864,89.0,2025-05-07,2025-05-13
2025052,2025.05.07 ~ 2025.05.13,경제이론/학술,17.33237236881898,2.985496691258085,14.0,2025-05-07,2025-05-13
2025052,2025.05.07 ~ 2025.05.13,금융시스템/위기,65.73286458745716,45.901857384488096,6.0,2025-05-07,2025-05-13
2025052,2025.05.07 ~ 2025.05.13,기업경영/리더십,75.87001683496553,20.781930133613237,382.0,2025-05-07,2025-05-13
2025052,2025.05.07 ~ 2025.05.13,미분류,-2.2430123803366087,-8.795520735876226,43.0,2025-05-07,2025-05-13
2025052,2025.05.07 ~ 2025.05.13,부동산/실물자산,2.190550510924412,-7.252203230956716,162.0,2025-05-07,2025-05-13
2025052,2025.05.07 ~ 2025.05.13,재테크/개인금융,-7.116846927135896,-19.364633108438948,17.0,2025-05-07,2025-05-13
2025052,2025.05.07 ~ 2025.05.13,주식투자/트레이딩,29.97908991114119,-0.6246795575379078,232.0,2025-05-07,2025-05-13
2025052,2025.05.07 ~ 2025.05.13,지정학/국제정세,-2.4989937183287623,-12.222461506686695,98.0,2025-05-07,2025-05-13
2025052,2025.05.07 ~ 2025.05.13,테크/스타트업,23.4410015154781,-6.04461638308155,143.0,2025-05-07,2025-05-13
2025052,2025.05.07 ~ 2025.05.13,투자철학/대가,9.172898142502333,-17.575277395267417,8.0,2025-05-07,2025-05-13
2025053,2025.05.14 ~ 2025.05.20,거시경제/금융정책,31.51795820847729,25.97526488267784,118.0,2025-05-14,2025-05-20
2025053,2025.05.14 ~ 2025.05.20,경제이론/학술,-12.997948735759763,2.1672118165296084,10.0,2025-05-14,2025-05-20
2025053,2025.05.14 ~ 2025.05.20,금융시스템/위기,66.25380434826975,65.99333446786346,11.0,2025-05-14,2025-05-20
2025053,2025.05.14 ~ 2025.05.20,기업경영/리더십,-5.412704047888313,35.22865639353861,300.0,2025-05-14,2025-05-20
2025053,2025.05.14 ~ 2025.05.20,미분류,-7.5361168657105155,-4.889564623023562,39.0,2025-05-14,2025-05-20
2025053,2025.05.14 ~ 2025.05.20,부동산/실물자산,24.97557512759125,13.58306281925783,220.0,2025-05-14,2025-05-20
2025053,2025.05.14 ~ 2025.05.20,재테크/개인금융,35.80803785425319,14.345595463558649,28.0,2025-05-14,2025-05-20
2025053,2025.05.14 ~ 2025.05.20,주식투자/트레이딩,33.78136857565126,31.880229243396222,323.0,2025-05-14,2025-05-20
2025053,2025.05.14 ~ 2025.05.20,지정학/국제정세,4.280901099308737,0.8909536904899875,105.0,2025-05-14,2025-05-20
2025053,2025.05.14 ~ 2025.05.20,테크/스타트업,33.53117431300883,28.486087914243466,209.0,2025-05-14,2025-05-20
2025053,2025.05.14 ~ 2025.05.20,투자철학/대가,39.657342794423876,24.41512046846309,14.0,2025-05-14,2025-05-20
2025054,2025.05.21 ~ 2025.05.27,거시경제/금융정책,-8.017381158131524,11.750288525172884,92.0,2025-05-21,2025-05-27
2025054,2025.05.21 ~ 2025.05.27,경제이론/학술,82.74806351049281,34.875057387366525,25.0,2025-05-21,2025-05-27
2025054,2025.05.21 ~ 2025.05.27,금융시스템/위기,-34.80371644507302,15.725043951598366,4.0,2025-05-21,2025-05-27
2025054,2025.05.21 ~ 2025.05.27,기업경영/리더십,-8.866228855639894,-7.139466451764104,254.0,2025-05-21,2025-05-27
2025054,2025.05.21 ~ 2025.05.27,미분류,19.38214313655561,5.923013135422547,51.0,2025-05-21,2025-05-27
2025054,2025.05.21 ~ 2025.05.27,부동산/실물자산,3.675932662064774,14.325753894828011,208.0,2025-05-21,2025-05-27
2025054,2025.05.21 ~ 2025.05.27,재테크/개인금융,8.638405213109513,22.223221533681354,27.0,2025-05-21,2025-05-27
2025054,2025.05.21 ~ 2025.05.27,주식투자/트레이딩,-1.3928538866207518,16.194257344515254,270.0,2025-05-21,2025-05-27
2025054,2025.05.21 ~ 2025.05.27,지정학/국제정세,4.087116176662768,4.184008637985753,107.0,2025-05-21,2025-05-27
2025054,2025.05.21 ~ 2025.05.27,테크/스타트업,1.994262838045119,17.762718575526975,183.0,2025-05-21,2025-05-27
2025054,2025.05.21 ~ 2025.05.27,투자철학/대가,-59.92551225381973,-10.134084729697943,2.0,2025-05-21,2025-05-27
2025061,2025.05.28 ~ 2025.06.03,거시경제/금융정책,43.58730563264946,17.78496223725897,154.0,2025-05-28,2025-06-03
2025061,2025.05.28 ~ 2025.06.03,경제이론/학술,38.02839594024076,60.388229725366784,33.0,2025-05-28,2025-06-03
2025061,2025.05.28 ~ 2025.06.03,금융시스템/위기,13.195230178854999,-10.804243133109011,6.0,2025-05-28,2025-06-03
2025061,2025.05.28 ~ 2025.06.03,기업경영/리더십,48.69355942307701,19.913665283718558,466.0,2025-05-28,2025-06-03
2025061,2025.05.28 ~ 2025.06.03,미분류,55.56113050105172,37.47163681880367,89.0,2025-05-28,2025-06-03
2025061,2025.05.28 ~ 2025.06.03,부동산/실물자산,54.48474338414579,29.08033802310528,366.0,2025-05-28,2025-06-03
2025061,2025.05.28 ~ 2025.06.03,재테크/개인금융,17.528014728640038,13.083209970874776,32.0,2025-05-28,2025-06-03
2025061,2025.05.28 ~ 2025.06.03,주식투자/트레이딩,52.306537854252454,25.456841983815853,478.0,2025-05-28,2025-06-03
2025061,2025.05.28 ~ 2025.06.03,지정학/국제정세,72.294121483283,38.19061882997289,220.0,2025-05-28,2025-06-03
2025061,2025.05.28 ~ 2025.06.03,테크/스타트업,62.39747089667324,32.19586686735918,350.0,2025-05-28,2025-06-03
2025061,2025.05.28 ~ 2025.06.03,투자철학/대가,143.18289988305295,41.6286938146166,16.0,2025-05-28,2025-06-03
2025062,2025.06.04 ~ 2025.06.10,거시경제/금융정책,-26.24877016135476,8.66926773564735,87.0,2025-06-04,2025-06-10
2025062,2025.06.04 ~ 2025.06.10,경제이론/학술,25.92392466474064,31.9761603024907,38.0,2025-06-04,2025-06-10
2025062,2025.06.04 ~ 2025.06.10,금융시스템/위기,17.239142589684285,15.217186384269642,8.0,2025-06-04,2025-06-10
2025062,2025.06.04 ~ 2025.06.10,기업경영/리더십,-16.70228598726383,15.99563671790659,304.0,2025-06-04,2025-06-10
2025062,2025.06.04 ~ 2025.06.10,미분류,5.428896898185207,30.495013699618465,78.0,2025-06-04,2025-06-10
2025062,2025.06.04 ~ 2025.06.10,부동산/실물자산,0.18073408286980497,27.332738733507796,307.0,2025-06-04,2025-06-10
2025062,2025.06.04 ~ 2025.06.10,재테크/개인금융,-24.48128926563301,-3.4766372684964857,20.0,2025-06-04,2025-06-10
2025062,2025.06.04 ~ 2025.06.10,주식투자/트레이딩,4.80497664846916,28.555757251360806,434.0,2025-06-04,2025-06-10
2025062,2025.06.04 ~ 2025.06.10,지정학/국제정세,-12.066898968519002,30.113611257382004,144.0,2025-06-04,2025-06-10
2025062,2025.06.04 ~ 2025.06.10,테크/스타트업,-2.49432254223811,29.951574177217566,280.0,2025-06-04,2025-06-10
2025062,2025.06.04 ~ 2025.06.10,투자철학/대가,-0.8017522211432072,71.19057383095486,13.0,2025-06-04,2025-06-10
2025063,2025.06.11 ~ 2025.06.17,거시경제/금융정책,-72.77030859800753,-49.509539379681144,10.0,2025-06-11,2025-06-17
2025063,2025.06.11 ~ 2025.06.17,경제이론/학술,-64.37639571865307,-19.226235526956216,6.0,2025-06-11,2025-06-17
2025063,2025.06.11 ~ 2025.06.17,금융시스템/위기,-70.54065917391402,-26.65075829211487,0.0,2025-06-11,2025-06-17
2025063,2025.06.11 ~ 2025.06.17,기업경영/리더십,-69.95417411001934,-43.328230048641586,44.0,2025-06-11,2025-06-17
2025063,2025.06.11 ~ 2025.06.17,미분류,-70.66861008054552,-32.61985659118015,9.0,2025-06-11,2025-06-17
2025063,2025.06.11 ~ 2025.06.17,부동산/실물자산,-72.58987714223257,-36.20457152968138,33.0,2025-06-11,2025-06-17
2025063,2025.06.11 ~ 2025.06.17,재테크/개인금융,-71.3983209836477,-47.93980512464035,2.0,2025-06-11,2025-06-17
2025063,2025.06.11 ~ 2025.06.17,주식투자/트레이딩,-70.76904477228368,-32.98203406190726,54.0,2025-06-11,2025-06-17
2025063,2025.06.11 ~ 2025.06.17,지정학/국제정세,-68.01774097939926,-40.04231997395914,23.0,2025-06-11,2025-06-17
2025063,2025.06.11 ~ 2025.06.17,테크/스타트업,-72.90724192096764,-37.70078223160287,29.0,2025-06-11,2025-06-17
2025063,2025.06.11 ~ 2025.06.17,투자철학/대가,-53.926312617248854,-27.364032419196043,3.0,2025-06-11,2025-06-17
2025064,2025.06.18 ~ 2025.06.24,거시경제/금융정책,129.6318706841916,28.430781043092033,110.0,2025-06-18,2025-06-24
2025064,2025.06.18 ~ 2025.06.24,경제이론/학술,135.75127378620743,35.68743903377718,38.0,2025-06-18,2025-06-24
2025064,2025.06.18 ~ 2025.06.24,금융시스템/위기,150.04311848241144,39.75122965424871,11.0,2025-06-18,2025-06-24
2025064,2025.06.18 ~ 2025.06.24,기업경영/리더십,122.40463431984801,26.22523010491434,291.0,2025-06-18,2025-06-24
2025064,2025.06.18 ~ 2025.06.24,미분류,135.68197727848462,32.50668359896956,88.0,2025-06-18,2025-06-24
2025064,2025.06.18 ~ 2025.06.24,부동산/실물자산,132.61093066855693,30.010526763162183,324.0,2025-06-18,2025-06-24
2025064,2025.06.18 ~ 2025.06.24,재테크/개인금융,153.7868776783544,41.19427834735335,44.0,2025-06-18,2025-06-24
2025064,2025.06.18 ~ 2025.06.24,주식투자/트레이딩,128.90854727753623,29.069751252626276,402.0,2025-06-18,2025-06-24
2025064,2025.06.18 ~ 2025.06.24,지정학/국제정세,123.7860472922289,27.88415315641481,139.0,2025-06-18,2025-06-24
2025064,2025.06.18 ~ 2025.06.24,테크/스타트업,125.10959479109418,26.101176435063273,250.0,2025-06-18,2025-06-24
2025064,2025.06.18 ~ 2025.06.24,투자철학/대가,28.666362512671345,-12.629975052288769,7.0,2025-06-18,2025-06-24
2025071,2025.06.25 ~ 2025.07.01,거시경제/금융정책,-69.8312148230933,29.900327930549146,11.0,2025-06-25,2025-07-01
2025071,2025.06.25 ~ 2025.07.01,경제이론/학술,-77.24188698039839,29.254693402904522,1.0,2025-06-25,2025-07-01
2025071,2025.06.25 ~ 2025.07.01,금융시스템/위기,-71.96797581862195,39.037571331894746,0.0,2025-06-25,2025-07-01
2025071,2025.06.25 ~ 2025.07.01,기업경영/리더십,-67.76628355674401,27.319175381552,39.0,2025-06-25,2025-07-01
2025071,2025.06.25 ~ 2025.07.01,미분류,-69.65328782584871,33.01434472631796,9.0,2025-06-25,2025-07-01
2025071,2025.06.25 ~ 2025.07.01,부동산/실물자산,-69.91430420682872,31.348313230864107,36.0,2025-06-25,2025-07-01
2025071,2025.06.25 ~ 2025.07.01,재테크/개인금융,-70.29512220429082,41.74587773703178,3.0,2025-06-25,2025-07-01
2025071,2025.06.25 ~ 2025.07.01,주식투자/트레이딩,-71.47158842462846,28.718479426453882,42.0,2025-06-25,2025-07-01
2025071,2025.06.25 ~ 2025.07.01,지정학/국제정세,-74.9436673852193,24.421189953504793,9.0,2025-06-25,2025-07-01
2025071,2025.06.25 ~ 2025.07.01,테크/스타트업,-67.80362560530703,28.652984592893574,34.0,2025-06-25,2025-07-01
2025071,2025.06.25 ~ 2025.07.01,투자철학/대가,-61.31637286099895,-16.32500517416382,1.0,2025-06-25,2025-07-01
2025072,2025.07.02 ~ 2025.07.08,거시경제/금융정책,138.58275288802398,34.375769032465335,77.0,2025-07-02,2025-07-08
2025072,2025.07.02 ~ 2025.07.08,경제이론/학술,135.73047345598883,29.24429323779522,24.0,2025-07-02,2025-07-08
2025072,2025.07.02 ~ 2025.07.08,금융시스템/위기,149.39487899339525,38.71345158738665,9.0,2025-07-02,2025-07-08
2025072,2025.07.02 ~ 2025.07.08,기업경영/리더십,144.56911897216574,38.40141770771086,255.0,2025-07-02,2025-07-08
2025072,2025.07.02 ~ 2025.07.08,미분류,128.76302055319846,29.554866363674876,47.0,2025-07-02,2025-07-08
2025072,2025.07.02 ~ 2025.07.08,부동산/실물자산,136.4485328958684,33.26711434451984,213.0,2025-07-02,2025-07-08
2025072,2025.07.02 ~ 2025.07.08,재테크/개인금융,144.8939471243276,37.299412460018395,33.0,2025-07-02,2025-07-08
2025072,2025.07.02 ~ 2025.07.08,주식투자/트레이딩,131.46877124881667,29.9985914120941,239.0,2025-07-02,2025-07-08
2025072,2025.07.02 ~ 2025.07.08,지정학/국제정세,145.80401617918469,35.430174396982686,118.0,2025-07-02,2025-07-08
2025072,2025.07.02 ~ 2025.07.08,테크/스타트업,136.32539582619646,34.26088511044471,172.0,2025-07-02,2025-07-08
2025072,2025.07.02 ~ 2025.07.08,투자철학/대가,176.304297594583,57.49396236679201,19.0,2025-07-02,2025-07-08
2025073,2025.07.09 ~ 2025.07.15,거시경제/금융정책,-24.90380694416162,56.83947297193118,48.0,2025-07-09,2025-07-15
2025073,2025.07.09 ~ 2025.07.15,경제이론/학술,-27.133236096789485,54.29861867959967,14.0,2025-07-09,2025-07-15
2025073,2025.07.09 ~ 2025.07.15,금융시스템/위기,26.693364787830188,88.04412189061271,11.0,2025-07-09,2025-07-15
2025073,2025.07.09 ~ 2025.07.15,기업경영/리더십,-22.35741535635816,61.10585180790379,158.0,2025-07-09,2025-07-15
2025073,2025.07.09 ~ 2025.07.15,미분류,-9.994010487764037,59.384505032717215,41.0,2025-07-09,2025-07-15
2025073,2025.07.09 ~ 2025.07.15,부동산/실물자산,-23.180597185199254,56.633967855334575,140.0,2025-07-09,2025-07-15
2025073,2025.07.09 ~ 2025.07.15,재테크/개인금융,-47.15471188134278,48.86961762149242,11.0,2025-07-09,2025-07-15
2025073,2025.07.09 ~ 2025.07.15,주식투자/트레이딩,-10.817960830740901,60.32540520903788,201.0,2025-07-09,2025-07-15
2025073,2025.07.09 ~ 2025.07.15,지정학/국제정세,-27.240381352321144,59.28181741343175,65.0,2025-07-09,2025-07-15
2025073,2025.07.09 ~ 2025.07.15,테크/스타트업,-28.399845745697977,53.96277504024924,102.0,2025-07-09,2025-07-15
2025073,2025.07.09 ~ 2025.07.15,투자철학/대가,-25.904024934420747,75.20013633008111,8.0,2025-07-09,2025-07-15
2025074,2025.07.16 ~ 2025.07.22,거시경제/금융정책,10.53815997079629,-7.182823486682665,55.0,2025-07-16,2025-07-22
2025074,2025.07.16 ~ 2025.07.22,경제이론/학술,11.011926249061004,-8.060654923864242,16.0,2025-07-16,2025-07-22
2025074,2025.07.16 ~ 2025.07.22,금융시스템/위기,-43.558779448110585,-8.432707330140197,3.0,2025-07-16,2025-07-22
2025074,2025.07.16 ~ 2025.07.22,기업경영/리더십,17.518292801185375,-2.419561277586393,197.0,2025-07-16,2025-07-22
2025074,2025.07.16 ~ 2025.07.22,미분류,4.956977508620126,-2.5185164895719554,40.0,2025-07-16,2025-07-22
2025074,2025.07.16 ~ 2025.07.22,부동산/실물자산,17.14799084147451,-3.016303171862372,171.0,2025-07-16,2025-07-22
2025074,2025.07.16 ~ 2025.07.22,재테크/개인금융,32.032982916558424,-7.5608644823921765,19.0,2025-07-16,2025-07-22
2025074,2025.07.16 ~ 2025.07.22,주식투자/트레이딩,30.399359829991926,9.790699499625513,268.0,2025-07-16,2025-07-22
2025074,2025.07.16 ~ 2025.07.22,지정학/국제정세,-9.383263578847103,-18.31182246558412,57.0,2025-07-16,2025-07-22
2025074,2025.07.16 ~ 2025.07.22,테크/스타트업,21.858859952082483,-3.270492896807747,137.0,2025-07-16,2025-07-22
2025074,2025.07.16 ~ 2025.07.22,투자철학/대가,39.657342794423876,6.87665893000155,14.0,2025-07-16,2025-07-22
2025075,2025.07.23 ~ 2025.07.29,거시경제/금융정책,78.90383539301479,44.72099768190554,127.0,2025-07-23,2025-07-29
2025075,2025.07.23 ~ 2025.07.29,경제이론/학술,62.24510945927986,36.62851785417043,33.0,2025-07-23,2025-07-29
2025075,2025.07.23 ~ 2025.07.29,금융시스템/위기,-4.23536007026503,-23.897069759187808,4.0,2025-07-23,2025-07-29
2025075,2025.07.23 ~ 2025.07.29,기업경영/리더십,80.74083719734084,49.12956499926311,449.0,2025-07-23,2025-07-29
2025075,2025.07.23 ~ 2025.07.29,미분류,85.77915622605391,45.36806686733702,96.0,2025-07-23,2025-07-29
2025075,2025.07.23 ~ 2025.07.29,부동산/실물자산,69.81948991721512,43.483740379344816,354.0,2025-07-23,2025-07-29
2025075,2025.07.23 ~ 2025.07.29,재테크/개인금융,75.05677791029152,53.54488041342497,43.0,2025-07-23,2025-07-29
2025075,2025.07.23 ~ 2025.07.29,주식투자/트레이딩,40.22681312215067,35.3130864760713,404.0,2025-07-23,2025-07-29
2025075,2025.07.23 ~ 2025.07.29,지정학/국제정세,104.67248103715333,47.64460872915312,168.0,2025-07-23,2025-07-29
2025075,2025.07.23 ~ 2025.07.29,테크/스타트업,68.69130579463427,45.27508287335838,282.0,2025-07-23,2025-07-29
2025075,2025.07.23 ~ 2025.07.29,투자철학/대가,39.26728947430946,39.46231613436665,22.0,2025-07-23,2025-07-29
2025081,2025.07.30 ~ 2025.08.05,거시경제/금융정책,-23.27066135279796,27.816587020108415,67.0,2025-07-30,2025-08-05
2025081,2025.07.30 ~ 2025.08.05,경제이론/학술,-21.96569121381049,20.139709122734686,18.0,2025-07-30,2025-08-05
2025081,2025.07.30 ~ 2025.08.05,금융시스템/위기,-9.272580913937485,-6.753970492101258,4.0,2025-07-30,2025-08-05
2025081,2025.07.30 ~ 2025.08.05,기업경영/리더십,-21.6599885367104,29.54042433031522,242.0,2025-07-30,2025-08-05
2025081,2025.07.30 ~ 2025.08.05,미분류,-29.795170440247382,27.991992892903266,44.0,2025-07-30,2025-08-05
2025081,2025.07.30 ~ 2025.08.05,부동산/실물자산,-39.29475505291525,15.262367432149937,133.0,2025-07-30,2025-08-05
2025081,2025.07.30 ~ 2025.08.05,재테크/개인금융,-33.62976417630763,20.713506866991942,17.0,2025-07-30,2025-08-05
2025081,2025.07.30 ~ 2025.08.05,주식투자/트레이딩,-22.466081670470807,8.880365725839933,238.0,2025-07-30,2025-08-05
2025081,2025.07.30 ~ 2025.08.05,지정학/국제정세,1.1299823677235012,52.901231702438416,129.0,2025-07-30,2025-08-05
2025081,2025.07.30 ~ 2025.08.05,테크/스타트업,-34.82000755676759,16.93564911893334,118.0,2025-07-30,2025-08-05
2025081,2025.07.30 ~ 2025.08.05,투자철학/대가,-53.10104417252051,-6.91687734910554,5.0,2025-07-30,2025-08-05
2025082,2025.08.06 ~ 2025.08.12,거시경제/금융정책,-39.60088006168593,-31.435770707241943,36.0,2025-08-06,2025-08-12
2025082,2025.08.06 ~ 2025.08.12,경제이론/학술,-17.141331476191937,-19.553511345001212,15.0,2025-08-06,2025-08-12
2025082,2025.08.06 ~ 2025.08.12,금융시스템/위기,-45.70382608910636,-27.488203501521923,1.0,2025-08-06,2025-08-12
2025082,2025.08.06 ~ 2025.08.12,기업경영/리더십,-25.397127363377614,-23.528557950044014,176.0,2025-08-06,2025-08-12
2025082,2025.08.06 ~ 2025.08.12,미분류,-41.85167550517137,-35.82342297270938,23.0,2025-08-06,2025-08-12
2025082,2025.08.06 ~ 2025.08.12,부동산/실물자산,-19.50659107564714,-29.400673064281193,122.0,2025-08-06,2025-08-12
2025082,2025.08.06 ~ 2025.08.12,재테크/개인금융,-15.521037633704386,-24.57540090500601,16.0,2025-08-06,2025-08-12
2025082,2025.08.06 ~ 2025.08.12,주식투자/트레이딩,-25.92758826475627,-24.19683496761354,175.0,2025-08-06,2025-08-12
2025082,2025.08.06 ~ 2025.08.12,지정학/국제정세,-26.574430681759875,-12.722224157018188,79.0,2025-08-06,2025-08-12
2025082,2025.08.06 ~ 2025.08.12,테크/스타트업,-14.575859068364524,-24.697933312566057,114.0,2025-08-06,2025-08-12
2025082,2025.08.06 ~ 2025.08.12,투자철학/대가,-22.449034328385974,-37.775039250453254,5.0,2025-08-06,2025-08-12
2025083,2025.08.13 ~ 2025.08.19,거시경제/금융정책,50.16693830496973,5.283029121641903,81.0,2025-08-13,2025-08-19
2025083,2025.08.13 ~ 2025.08.19,경제이론/학술,52.818195259098225,17.83843189145314,31.0,2025-08-13,2025-08-19
2025083,2025.08.13 ~ 2025.08.19,금융시스템/위기,67.01701184624352,10.656592878568581,4.0,2025-08-13,2025-08-19
2025083,2025.08.13 ~ 2025.08.19,기업경영/리더십,59.71642170250337,17.15964716956287,391.0,2025-08-13,2025-08-19
2025083,2025.08.13 ~ 2025.08.19,미분류,67.61050303413415,12.879413764481388,61.0,2025-08-13,2025-08-19
2025083,2025.08.13 ~ 2025.08.19,부동산/실물자산,49.14654675158804,14.819977837970448,250.0,2025-08-13,2025-08-19
2025083,2025.08.13 ~ 2025.08.19,재테크/개인금융,10.273702388814279,-2.623667622445054,22.0,2025-08-13,2025-08-19
2025083,2025.08.13 ~ 2025.08.19,주식투자/트레이딩,64.90850477235861,19.49045825380117,398.0,2025-08-13,2025-08-19
2025083,2025.08.13 ~ 2025.08.19,지정학/국제정세,-3.6346160011190607,-15.104523341439467,90.0,2025-08-13,2025-08-19
2025083,2025.08.13 ~ 2025.08.19,테크/스타트업,55.129740379304394,20.276940655469936,239.0,2025-08-13,2025-08-19
2025083,2025.08.13 ~ 2025.08.19,투자철학/대가,59.590404641601886,18.57068515660794,13.0,2025-08-13,2025-08-19
2025084,2025.08.20 ~ 2025.08.26,거시경제/금융정책,87.63701381023655,68.90197605760315,176.0,2025-08-20,2025-08-26
2025084,2025.08.20 ~ 2025.08.26,경제이론/학술,-7.036126757600457,22.89103425074888,23.0,2025-08-20,2025-08-26
2025084,2025.08.20 ~ 2025.08.26,금융시스템/위기,75.45548505400133,71.23624845012242,9.0,2025-08-20,2025-08-26
2025084,2025.08.20 ~ 2025.08.26,기업경영/리더십,32.20414244745547,45.96028207497941,486.0,2025-08-20,2025-08-26
2025084,2025.08.20 ~ 2025.08.26,미분류,45.83643428074669,56.72346865744042,89.0,2025-08-20,2025-08-26
2025084,2025.08.20 ~ 2025.08.26,부동산/실물자산,41.79586380032434,45.47120527595619,342.0,2025-08-20,2025-08-26
2025084,2025.08.20 ~ 2025.08.26,재테크/개인금융,98.14556723142276,54.209634810118516,54.0,2025-08-20,2025-08-26
2025084,2025.08.20 ~ 2025.08.26,주식투자/트레이딩,23.65931591720125,44.28391034477993,444.0,2025-08-20,2025-08-26
2025084,2025.08.20 ~ 2025.08.26,지정학/국제정세,30.962677839305382,13.664030919093161,135.0,2025-08-20,2025-08-26
2025084,2025.08.20 ~ 2025.08.26,테크/스타트업,52.44116707574011,53.78545372752225,360.0,2025-08-20,2025-08-26
2025084,2025.08.20 ~ 2025.08.26,투자철학/대가,91.8732271692036,75.73181590540273,28.0,2025-08-20,2025-08-26
2025091,2025.08.27 ~ 2025.09.02,거시경제/금융정책,29.478815878834737,58.557914844535645,189.0,2025-08-27,2025-09-02
2025091,2025.08.27 ~ 2025.09.02,경제이론/학술,52.77131300768289,22.867593125041214,41.0,2025-08-27,2025-09-02
2025091,2025.08.27 ~ 2025.09.02,금융시스템/위기,45.723560066000026,60.589522560000674,12.0,2025-08-27,2025-09-02
2025091,2025.08.27 ~ 2025.09.02,기업경영/리더십,83.99782582437493,58.10098413591519,983.0,2025-08-27,2025-09-02
2025091,2025.08.27 ~ 2025.09.02,미분류,-0.1210074186500052,22.857713431048342,71.0,2025-08-27,2025-09-02
2025091,2025.08.27 ~ 2025.09.02,부동산/실물자산,37.65535365584533,39.725608728084836,444.0,2025-08-27,2025-09-02
2025091,2025.08.27 ~ 2025.09.02,재테크/개인금융,21.73472710367912,59.94014716755094,53.0,2025-08-27,2025-09-02
2025091,2025.08.27 ~ 2025.09.02,주식투자/트레이딩,25.166348133747142,24.412832025474195,524.0,2025-08-27,2025-09-02
2025091,2025.08.27 ~ 2025.09.02,지정학/국제정세,47.53246985838127,39.247573848843324,203.0,2025-08-27,2025-09-02
2025091,2025.08.27 ~ 2025.09.02,테크/스타트업,26.132743045859392,39.286955060799755,402.0,2025-08-27,2025-09-02
2025091,2025.08.27 ~ 2025.09.02,투자철학/대가,-7.174548049871333,42.34933955966612,18.0,2025-08-27,2025-09-02
2025092,2025.09.03 ~ 2025.09.09,거시경제/금융정책,-59.13072081054949,-14.825952465857377,41.0,2025-09-03,2025-09-09
2025092,2025.09.03 ~ 2025.09.09,경제이론/학술,-52.38939443364105,0.1909592870209167,11.0,2025-09-03,2025-09-09
2025092,2025.09.03 ~ 2025.09.09,금융시스템/위기,-64.88331326859354,-9.579876601296753,1.0,2025-09-03,2025-09-09
2025092,2025.09.03 ~ 2025.09.09,기업경영/리더십,-62.83873350626443,10.57954615905524,153.0,2025-09-03,2025-09-09
2025092,2025.09.03 ~ 2025.09.09,미분류,-38.791109033762204,-19.456058226206103,35.0,2025-09-03,2025-09-09
2025092,2025.09.03 ~ 2025.09.09,부동산/실물자산,-54.490487960836205,-8.417567152495437,117.0,2025-09-03,2025-09-09
2025092,2025.09.03 ~ 2025.09.09,재테크/개인금융,-51.76627821102572,-15.015775553673294,15.0,2025-09-03,2025-09-09
2025092,2025.09.03 ~ 2025.09.09,주식투자/트레이딩,-48.51723271126648,-11.675442288759667,181.0,2025-09-03,2025-09-09
2025092,2025.09.03 ~ 2025.09.09,지정학/국제정세,-60.38407181778069,-6.425800979699712,39.0,2025-09-03,2025-09-09
2025092,2025.09.03 ~ 2025.09.09,테크/스타트업,-51.264734198865334,-12.56599557650297,123.0,2025-09-03,2025-09-09
2025092,2025.09.03 ~ 2025.09.09,투자철학/대가,-50.406330674855695,-28.79043936236353,6.0,2025-09-03,2025-09-09
2025093,2025.09.10 ~ 2025.09.16,거시경제/금융정책,38.500194865868934,-10.315262972340278,92.0,2025-09-10,2025-09-16
2025093,2025.09.10 ~ 2025.09.16,경제이론/학술,28.959640651038132,-11.714876891301463,21.0,2025-09-10,2025-09-16
2025093,2025.09.10 ~ 2025.09.16,금융시스템/위기,21.473149032093755,-21.705082118249884,3.0,2025-09-10,2025-09-16
2025093,2025.09.10 ~ 2025.09.16,기업경영/리더십,-10.254582479061883,-36.546657992663164,202.0,2025-09-10,2025-09-16
2025093,2025.09.10 ~ 2025.09.16,미분류,12.84906350120094,-12.971022766280633,52.0,2025-09-10,2025-09-16
2025093,2025.09.10 ~ 2025.09.16,부동산/실물자산,10.115615401472645,-22.18743627968178,185.0,2025-09-10,2025-09-16
2025093,2025.09.10 ~ 2025.09.16,재테크/개인금융,-8.279003947152578,-30.02264107908914,19.0,2025-09-10,2025-09-16
2025093,2025.09.10 ~ 2025.09.16,주식투자/트레이딩,13.672870692645706,-17.422181009310385,281.0,2025-09-10,2025-09-16
2025093,2025.09.10 ~ 2025.09.16,지정학/국제정세,23.377874886796533,-18.503098465492076,76.0,2025-09-10,2025-09-16
2025093,2025.09.10 ~ 2025.09.16,테크/스타트업,9.979193566921984,-20.642770315971674,190.0,2025-09-10,2025-09-16
2025093,2025.09.10 ~ 2025.09.16,투자철학/대가,71.565182697973,10.579426011558638,18.0,2025-09-10,2025-09-16
2025094,2025.09.17 ~ 2025.09.23,거시경제/금융정책,28.337294764034194,33.418744814951566,136.0,2025-09-17,2025-09-23
2025094,2025.09.17 ~ 2025.09.23,경제이론/학술,68.467704529238,48.71367259013807,45.0,2025-09-17,2025-09-23
2025094,2025.09.17 ~ 2025.09.23,금융시스템/위기,63.60277895332065,42.537963992707205,8.0,2025-09-17,2025-09-23
2025094,2025.09.17 ~ 2025.09.23,기업경영/리더십,34.862915044559855,12.30416628274898,391.0,2025-09-17,2025-09-23
2025094,2025.09.17 ~ 2025.09.23,미분류,78.87767998919907,45.8633717452,115.0,2025-09-17,2025-09-23
2025094,2025.09.17 ~ 2025.09.23,부동산/실물자산,57.24917638012941,33.68239589080103,374.0,2025-09-17,2025-09-23
2025094,2025.09.17 ~ 2025.09.23,재테크/개인금융,24.204275286193635,7.962635669520536,30.0,2025-09-17,2025-09-23
2025094,2025.09.17 ~ 2025.09.23,주식투자/트레이딩,31.295459158606963,22.484164925626335,427.0,2025-09-17,2025-09-23
2025094,2025.09.17 ~ 2025.09.23,지정학/국제정세,37.25144702803314,30.31466095741484,132.0,2025-09-17,2025-09-23
2025094,2025.09.17 ~ 2025.09.23,테크/스타트업,41.37059848881794,25.674896027869963,327.0,2025-09-17,2025-09-23
2025094,2025.09.17 ~ 2025.09.23,투자철학/대가,1.0251594910171604,36.29517109449507,16.0,2025-09-17,2025-09-23
2025095,2025.09.24 ~ 2025.09.30,거시경제/금융정책,-37.45740555797202,-4.560055396968913,55.0,2025-09-24,2025-09-30
2025095,2025.09.24 ~ 2025.09.30,경제이론/학술,-47.43269022937525,10.51750714993138,12.0,2025-09-24,2025-09-30
2025095,2025.09.24 ~ 2025.09.30,금융시스템/위기,-53.99140778845277,4.8056855824339415,1.0,2025-09-24,2025-09-30
2025095,2025.09.24 ~ 2025.09.30,기업경영/리더십,-36.49805913181961,-0.8175720436298839,160.0,2025-09-24,2025-09-30
2025095,2025.09.24 ~ 2025.09.30,미분류,-43.657626389883006,17.610026799658023,36.0,2025-09-24,2025-09-30
2025095,2025.09.24 ~ 2025.09.30,부동산/실물자산,-40.75099920410686,8.249088588011276,132.0,2025-09-24,2025-09-30
2025095,2025.09.24 ~ 2025.09.30,재테크/개인금융,-48.084167618173836,-11.939946165990094,9.0,2025-09-24,2025-09-30
2025095,2025.09.24 ~ 2025.09.30,주식투자/트레이딩,-40.763182305854755,-4.733861573623896,165.0,2025-09-24,2025-09-30
2025095,2025.09.24 ~ 2025.09.30,지정학/국제정세,-32.13502159365845,2.5582127171873488,59.0,2025-09-24,2025-09-30
2025095,2025.09.24 ~ 2025.09.30,테크/스타트업,-47.86322422885002,-3.246312870016041,99.0,2025-09-24,2025-09-30
2025095,2025.09.24 ~ 2025.09.30,투자철학/대가,-37.1795107203428,-18.07717561466283,7.0,2025-09-24,2025-09-30
2025101,2025.10.01 ~ 2025.10.07,거시경제/금융정책,14.091098489999478,-11.683153533986273,81.0,2025-10-01,2025-10-07
2025101,2025.10.01 ~ 2025.10.07,경제이론/학술,44.35263971185925,-1.540025258758,26.0,2025-10-01,2025-10-07
2025101,2025.10.01 ~ 2025.10.07,금융시스템/위기,59.958188316831745,2.983390264189488,4.0,2025-10-01,2025-10-07
2025101,2025.10.01 ~ 2025.10.07,기업경영/리더십,-3.538883313478782,-20.018471222649204,184.0,2025-10-01,2025-10-07
2025101,2025.10.01 ~ 2025.10.07,미분류,-8.047386444365799,-25.85250641712441,41.0,2025-10-01,2025-10-07
2025101,2025.10.01 ~ 2025.10.07,부동산/실물자산,21.025753160763948,-9.862623021671457,210.0,2025-10-01,2025-10-07
2025101,2025.10.01 ~ 2025.10.07,재테크/개인금융,44.76950476564884,-1.6573314262624912,20.0,2025-10-01,2025-10-07
2025101,2025.10.01 ~ 2025.10.07,주식투자/트레이딩,29.298990605254186,-5.732095850300285,287.0,2025-10-01,2025-10-07
2025101,2025.10.01 ~ 2025.10.07,지정학/국제정세,11.525705109777448,-10.304658241940498,81.0,2025-10-01,2025-10-07
2025101,2025.10.01 ~ 2025.10.07,테크/스타트업,54.422592840238245,3.2796843056941114,226.0,2025-10-01,2025-10-07
2025101,2025.10.01 ~ 2025.10.07,투자철학/대가,-0.9234947375719345,-19.05150272895738,9.0,2025-10-01,2025-10-07
2025102,2025.10.08 ~ 2025.10.14,거시경제/금융정책,25.21856753906856,19.65483301453402,115.0,2025-10-08,2025-10-14
2025102,2025.10.08 ~ 2025.10.14,경제이론/학술,-22.98280917210492,10.684915269877164,18.0,2025-10-08,2025-10-14
2025102,2025.10.08 ~ 2025.10.14,금융시스템/위기,12.14855675517475,36.053372536003245,5.0,2025-10-08,2025-10-14
2025102,2025.10.08 ~ 2025.10.14,기업경영/리더십,30.125433743725686,13.293275215123446,295.0,2025-10-08,2025-10-14
2025102,2025.10.08 ~ 2025.10.14,미분류,4.845052917830379,-1.6011667632677171,52.0,2025-10-08,2025-10-14
2025102,2025.10.08 ~ 2025.10.14,부동산/실물자산,11.945007776460018,16.485380468611982,256.0,2025-10-08,2025-10-14
2025102,2025.10.08 ~ 2025.10.14,재테크/개인금융,3.74528329302031,24.25739402933458,21.0,2025-10-08,2025-10-14
2025102,2025.10.08 ~ 2025.10.14,주식투자/트레이딩,18.910372134044298,24.104681369649242,364.0,2025-10-08,2025-10-14
2025102,2025.10.08 ~ 2025.10.14,지정학/국제정세,44.566525542729075,28.046115326253265,140.0,2025-10-08,2025-10-14
2025102,2025.10.08 ~ 2025.10.14,테크/스타트업,31.56836266235518,42.99547775129671,320.0,2025-10-08,2025-10-14
2025102,2025.10.08 ~ 2025.10.14,투자철학/대가,-12.09982913022494,-6.511661933898451,8.0,2025-10-08,2025-10-14
2025103,2025.10.15 ~ 2025.10.21,거시경제/금융정책,-34.52853980798959,-4.654986134460513,53.0,2025-10-15,2025-10-21
2025103,2025.10.15 ~ 2025.10.21,경제이론/학술,-1.1089792982750464,-12.045894235189982,18.0,2025-10-15,2025-10-21
2025103,2025.10.15 ~ 2025.10.21,금융시스템/위기,-2.264033905390476,4.942261424892138,4.0,2025-10-15,2025-10-21
2025103,2025.10.15 ~ 2025.10.21,기업경영/리더십,-29.858463913711827,0.13348491500692283,152.0,2025-10-15,2025-10-21
2025103,2025.10.15 ~ 2025.10.21,미분류,-39.007141313631436,-17.081044197900535,23.0,2025-10-15,2025-10-21
2025103,2025.10.15 ~ 2025.10.21,부동산/실물자산,-18.738756522746026,-3.396874373143003,169.0,2025-10-15,2025-10-21
2025103,2025.10.15 ~ 2025.10.21,재테크/개인금융,-38.18797062520265,-17.221343666091165,9.0,2025-10-15,2025-10-21
2025103,2025.10.15 ~ 2025.10.21,주식투자/트레이딩,-28.588377924520326,-4.839002895238014,195.0,2025-10-15,2025-10-21
2025103,2025.10.15 ~ 2025.10.21,지정학/국제정세,-44.72890401506194,-0.08118923616643059,47.0,2025-10-15,2025-10-21
2025103,2025.10.15 ~ 2025.10.21,테크/스타트업,-36.243142692439854,-2.3373900150423346,135.0,2025-10-15,2025-10-21
2025103,2025.10.15 ~ 2025.10.21,투자철학/대가,22.558933177493202,5.229552023634117,11.0,2025-10-15,2025-10-21
2025104,2025.10.22 ~ 2025.10.28,거시경제/금융정책,23.30104278889782,-5.613748509545884,84.0,2025-10-22,2025-10-28
2025104,2025.10.22 ~ 2025.10.28,경제이론/학술,-19.18391835799806,-10.146448828136553,14.0,2025-10-22,2025-10-28
2025104,2025.10.22 ~ 2025.10.28,금융시스템/위기,-47.926048311328586,-25.09504110835953,1.0,2025-10-22,2025-10-28
2025104,2025.10.22 ~ 2025.10.28,기업경영/리더십,51.74713020883836,10.944333147563258,303.0,2025-10-22,2025-10-28
2025104,2025.10.22 ~ 2025.10.28,미분류,48.24505462501729,4.618956655692919,48.0,2025-10-22,2025-10-28
2025104,2025.10.22 ~ 2025.10.28,부동산/실물자산,24.452771800043397,2.857007638648687,248.0,2025-10-22,2025-10-28
2025104,2025.10.22 ~ 2025.10.28,재테크/개인금융,77.16144522737868,19.48673730108802,25.0,2025-10-22,2025-10-28
2025104,2025.10.22 ~ 2025.10.28,주식투자/트레이딩,49.53712841031742,10.474375242898548,382.0,2025-10-22,2025-10-28
2025104,2025.10.22 ~ 2025.10.28,지정학/국제정세,23.871120830316205,-10.428891592372866,80.0,2025-10-22,2025-10-28
2025104,2025.10.22 ~ 2025.10.28,테크/스타트업,48.31780490264782,6.037331105103988,274.0,2025-10-22,2025-10-28
2025104,2025.10.22 ~ 2025.10.28,투자철학/대가,22.99067612775721,22.774804652625193,14.0,2025-10-22,2025-10-28
2025111,2025.10.29 ~ 2025.11.04,거시경제/금융정책,8.498119635907434,15.899581212402627,94.0,2025-10-29,2025-11-04
2025111,2025.10.29 ~ 2025.11.04,경제이론/학술,21.661830859663933,1.2389562508329366,20.0,2025-10-29,2025-11-04
2025111,2025.10.29 ~ 2025.11.04,금융시스템/위기,8.850178712873008,-19.537934799227788,2.0,2025-10-29,2025-11-04
2025111,2025.10.29 ~ 2025.11.04,기업경영/리더십,-2.99781942225844,24.374655393289952,266.0,2025-10-29,2025-11-04
2025111,2025.10.29 ~ 2025.11.04,미분류,15.318063571742451,31.781559098379862,55.0,2025-10-29,2025-11-04
2025111,2025.10.29 ~ 2025.11.04,부동산/실물자산,-15.136263805250758,4.6582539973963195,187.0,2025-10-29,2025-11-04
2025111,2025.10.29 ~ 2025.11.04,재테크/개인금융,-8.553097669522161,34.304173778928266,19.0,2025-10-29,2025-11-04
2025111,2025.10.29 ~ 2025.11.04,주식투자/트레이딩,-12.64131082907232,18.44790879062255,285.0,2025-10-29,2025-11-04
2025111,2025.10.29 ~ 2025.11.04,지정학/국제정세,10.276956449896252,17.07403864010623,96.0,2025-10-29,2025-11-04
2025111,2025.10.29 ~ 2025.11.04,테크/스타트업,10.782177146298574,29.549991024473197,294.0,2025-10-29,2025-11-04
2025111,2025.10.29 ~ 2025.11.04,투자철학/대가,-8.00516938660936,7.4927533705739116,11.0,2025-10-29,2025-11-04
2025112,2025.11.05 ~ 2025.11.11,거시경제/금융정책,-82.12212012662226,-36.81200024535742,0.0,2025-11-05,2025-11-11
2025112,2025.11.05 ~ 2025.11.11,경제이론/학술,-78.37930705276217,-28.358738096549118,0.0,2025-11-05,2025-11-11
2025112,2025.11.05 ~ 2025.11.11,금융시스템/위기,-54.37904301229785,-22.76443214971242,0.0,2025-11-05,2025-11-11
2025112,2025.11.05 ~ 2025.11.11,기업경영/리더십,-81.94696071497226,-42.472390068615354,2.0,2025-11-05,2025-11-11
2025112,2025.11.05 ~ 2025.11.11,미분류,-81.30633691757114,-32.99413667291435,0.0,2025-11-05,2025-11-11
2025112,2025.11.05 ~ 2025.11.11,부동산/실물자산,-82.55796362467102,-48.84711371496089,1.0,2025-11-05,2025-11-11
2025112,2025.11.05 ~ 2025.11.11,재테크/개인금융,-78.23637692549364,-43.394737297507895,0.0,2025-11-05,2025-11-11
2025112,2025.11.05 ~ 2025.11.11,주식투자/트레이딩,-83.01080845704873,-47.826059643060525,1.0,2025-11-05,2025-11-11
2025112,2025.11.05 ~ 2025.11.11,지정학/국제정세,-80.85521044957531,-35.289126999839525,1.0,2025-11-05,2025-11-11
2025112,2025.11.05 ~ 2025.11.11,테크/스타트업,-82.63181834449331,-35.92482059909737,1.0,2025-11-05,2025-11-11
2025112,2025.11.05 ~ 2025.11.11,투자철학/대가,-75.68558844653315,-41.84537891657126,0.0,2025-11-05,2025-11-11
2025113,2025.11.12 ~ 2025.11.18,거시경제/금융정책,124.03100701233447,20.954443442856103,69.0,2025-11-12,2025-11-18
2025113,2025.11.12 ~ 2025.11.18,경제이론/학술,106.49240567390142,14.056549310569622,7.0,2025-11-12,2025-11-18
2025113,2025.11.12 ~ 2025.11.18,금융시스템/위기,92.18351204620633,18.90223451695424,2.0,2025-11-12,2025-11-18
2025113,2025.11.12 ~ 2025.11.18,기업경영/리더십,126.399327883429,22.22618358422836,236.0,2025-11-12,2025-11-18
2025113,2025.11.12 ~ 2025.11.18,미분류,118.70545867841446,18.69956088042165,34.0,2025-11-12,2025-11-18
2025113,2025.11.12 ~ 2025.11.18,부동산/실물자산,115.59126992607898,16.51665315070398,130.0,2025-11-12,2025-11-18
2025113,2025.11.12 ~ 2025.11.18,재테크/개인금융,125.57077212226687,23.667197598386622,18.0,2025-11-12,2025-11-18
2025113,2025.11.12 ~ 2025.11.18,주식투자/트레이딩,117.52065681159895,17.254924177275115,210.0,2025-11-12,2025-11-18
2025113,2025.11.12 ~ 2025.11.18,지정학/국제정세,117.77697601106001,18.46088278074236,57.0,2025-11-12,2025-11-18
2025113,2025.11.12 ~ 2025.11.18,테크/스타트업,117.60242399033774,17.485302822922215,176.0,2025-11-12,2025-11-18
2025113,2025.11.12 ~ 2025.11.18,투자철학/대가,118.09181706142125,21.20311430744404,8.0,2025-11-12,2025-11-18
2025114,2025.11.19 ~ 2025.11.25,거시경제/금융정책,18.58467900732074,71.30784300982761,80.0,2025-11-19,2025-11-25
2025114,2025.11.19 ~ 2025.11.25,경제이론/학술,69.74677986391971,88.11959276891056,17.0,2025-11-19,2025-11-25
2025114,2025.11.19 ~ 2025.11.25,금융시스템/위기,6.850178712873008,49.51684537953967,2.0,2025-11-19,2025-11-25
2025114,2025.11.19 ~ 2025.11.25,기업경영/리더십,8.641678292638955,67.52050308803396,230.0,2025-11-19,2025-11-25
2025114,2025.11.19 ~ 2025.11.25,미분류,13.517771774385023,66.11161522639973,39.0,2025-11-19,2025-11-25
2025114,2025.11.19 ~ 2025.11.25,부동산/실물자산,17.027067826073424,66.3091688760762,151.0,2025-11-19,2025-11-25
2025114,2025.11.19 ~ 2025.11.25,재테크/개인금융,6.918210843613956,66.24449148294042,17.0,2025-11-19,2025-11-25
2025114,2025.11.19 ~ 2025.11.25,주식투자/트레이딩,28.776498689629843,73.1485777506144,273.0,2025-11-19,2025-11-25
2025114,2025.11.19 ~ 2025.11.25,지정학/국제정세,-24.49568006136661,46.64064797484671,37.0,2025-11-19,2025-11-25
2025114,2025.11.19 ~ 2025.11.25,테크/스타트업,26.184259283075438,71.8933416367066,232.0,2025-11-19,2025-11-25
2025114,2025.11.19 ~ 2025.11.25,투자철학/대가,29.798752182018088,73.94528462171965,11.0,2025-11-19,2025-11-25
2025121,2025.11.26 ~ 2025.12.02,거시경제/금융정책,60.49263693161706,39.5386579694689,130.0,2025-11-26,2025-12-02
2025121,2025.11.26 ~ 2025.12.02,경제이론/학술,41.151930900471235,55.44935538219548,21.0,2025-11-26,2025-12-02
2025121,2025.11.26 ~ 2025.12.02,금융시스템/위기,6.850178712873008,6.850178712873008,2.0,2025-11-26,2025-12-02
2025121,2025.11.26 ~ 2025.12.02,기업경영/리더십,30.496367198935385,19.569022745787162,286.0,2025-11-26,2025-12-02
2025121,2025.11.26 ~ 2025.12.02,미분류,20.331458197815373,16.92461498610019,42.0,2025-11-26,2025-12-02
2025121,2025.11.26 ~ 2025.12.02,부동산/실물자산,51.68117879788918,34.354123311981304,227.0,2025-11-26,2025-12-02
2025121,2025.11.26 ~ 2025.12.02,재테크/개인금융,54.62698658884113,30.77259871622755,28.0,2025-11-26,2025-12-02
2025121,2025.11.26 ~ 2025.12.02,주식투자/트레이딩,30.638858494780774,29.70767859220531,318.0,2025-11-26,2025-12-02
2025121,2025.11.26 ~ 2025.12.02,지정학/국제정세,64.43216057655076,19.96824025759208,72.0,2025-11-26,2025-12-02
2025121,2025.11.26 ~ 2025.12.02,테크/스타트업,23.42389148447878,24.80407538377711,246.0,2025-11-26,2025-12-02
2025121,2025.11.26 ~ 2025.12.02,투자철학/대가,16.465418848684756,23.1320855153514,11.0,2025-11-26,2025-12-02
2025122,2025.12.03 ~ 2025.12.09,거시경제/금융정책,15.512643049094203,38.00263999035563,135.0,2025-12-03,2025-12-09
2025122,2025.12.03 ~ 2025.12.09,경제이론/학술,24.594778260433383,32.87335458045231,25.0,2025-12-03,2025-12-09
2025122,2025.12.03 ~ 2025.12.09,금융시스템/위기,64.51219311881111,35.68118591584206,5.0,2025-12-03,2025-12-09
2025122,2025.12.03 ~ 2025.12.09,기업경영/리더십,48.06388901535927,39.28012810714732,464.0,2025-12-03,2025-12-09
2025122,2025.12.03 ~ 2025.12.09,미분류,65.43121384286184,42.881336020338594,82.0,2025-12-03,2025-12-09
2025122,2025.12.03 ~ 2025.12.09,부동산/실물자산,35.90446686648403,43.79282283218661,306.0,2025-12-03,2025-12-09
2025122,2025.12.03 ~ 2025.12.09,재테크/개인금융,30.573937506635414,42.600462047738276,36.0,2025-12-03,2025-12-09
2025122,2025.12.03 ~ 2025.12.09,주식투자/트레이딩,41.23998349650547,35.93942099564312,471.0,2025-12-03,2025-12-09
2025122,2025.12.03 ~ 2025.12.09,지정학/국제정세,28.679938171513726,46.55604937403225,93.0,2025-12-03,2025-12-09
2025122,2025.12.03 ~ 2025.12.09,테크/스타트업,60.21877189253685,41.82133168850782,440.0,2025-12-03,2025-12-09
2025122,2025.12.03 ~ 2025.12.09,투자철학/대가,43.707544840335146,30.086481844509926,18.0,2025-12-03,2025-12-09
2025123,2025.12.10 ~ 2025.12.16,거시경제/금융정책,-61.31824622899532,-22.90280158995056,28.0,2025-12-10,2025-12-16
2025123,2025.12.10 ~ 2025.12.16,경제이론/학술,-34.773515529261026,-5.08936863441382,12.0,2025-12-10,2025-12-16
2025123,2025.12.10 ~ 2025.12.16,금융시스템/위기,-29.14982128712699,17.68118591584206,2.0,2025-12-10,2025-12-16
2025123,2025.12.10 ~ 2025.12.16,기업경영/리더십,-53.298106358481625,-2.6171086715611835,122.0,2025-12-10,2025-12-16
2025123,2025.12.10 ~ 2025.12.16,미분류,-42.39271708822855,11.519248377316629,29.0,2025-12-10,2025-12-16
2025123,2025.12.10 ~ 2025.12.16,부동산/실물자산,-49.68736416819212,-6.891448650854045,95.0,2025-12-10,2025-12-16
2025123,2025.12.10 ~ 2025.12.16,재테크/개인금융,-48.50991228298281,-8.967987388173693,11.0,2025-12-10,2025-12-16
2025123,2025.12.10 ~ 2025.12.16,주식투자/트레이딩,-55.208659433837056,-6.984337968665795,121.0,2025-12-10,2025-12-16
2025123,2025.12.10 ~ 2025.12.16,지정학/국제정세,-64.22403022852096,-17.77204602850361,15.0,2025-12-10,2025-12-16
2025123,2025.12.10 ~ 2025.12.16,테크/스타트업,-61.39795768860168,-0.5895928980324108,81.0,2025-12-10,2025-12-16
2025123,2025.12.10 ~ 2025.12.16,투자철학/대가,-29.311813542971176,7.19786564868196,9.0,2025-12-10,2025-12-16
2025124,2025.12.17 ~ 2025.12.23,거시경제/금융정책,83.35097860598768,11.016366188496178,90.0,2025-12-17,2025-12-23
2025124,2025.12.17 ~ 2025.12.23,경제이론/학술,11.587091451066739,-11.59321203909714,17.0,2025-12-17,2025-12-23
2025124,2025.12.17 ~ 2025.12.23,금융시스템/위기,-9.149821287126992,-19.14982128712699,2.0,2025-12-17,2025-12-23
2025124,2025.12.17 ~ 2025.12.23,기업경영/리더십,24.496537625176202,-14.400784366652719,222.0,2025-12-17,2025-12-23
2025124,2025.12.17 ~ 2025.12.23,미분류,-0.8721485340265434,-21.63243281112756,36.0,2025-12-17,2025-12-23
2025124,2025.12.17 ~ 2025.12.23,부동산/실물자산,1.51759853806828,-24.08488281506192,131.0,2025-12-17,2025-12-23
2025124,2025.12.17 ~ 2025.12.23,재테크/개인금융,33.17993418846483,-7.6649890472589846,22.0,2025-12-17,2025-12-23
2025124,2025.12.17 ~ 2025.12.23,주식투자/트레이딩,20.744310112057065,-17.232174660889992,215.0,2025-12-17,2025-12-23
2025124,2025.12.17 ~ 2025.12.23,지정학/국제정세,56.22727487477389,-3.9983776768735275,42.0,2025-12-17,2025-12-23
2025124,2025.12.17 ~ 2025.12.23,테크/스타트업,19.21534968471432,-21.091304001943676,150.0,2025-12-17,2025-12-23
2025124,2025.12.17 ~ 2025.12.23,투자철학/대가,-9.180575347593722,-19.246194445282473,9.0,2025-12-17,2025-12-23
2025125,2025.12.24 ~ 2025.12.30,거시경제/금융정책,-69.31939316289427,7.015792721546703,12.0,2025-12-24,2025-12-30
2025125,2025.12.24 ~ 2025.12.30,경제이론/학술,-73.1031566932169,-30.75803262107508,1.0,2025-12-24,2025-12-30
2025125,2025.12.24 ~ 2025.12.30,금융시스템/위기,-56.61680525006009,-32.88331326859354,0.0,2025-12-24,2025-12-30
2025125,2025.12.24 ~ 2025.12.30,기업경영/리더십,-76.94122733435863,-26.22234485459122,15.0,2025-12-24,2025-12-30
2025125,2025.12.24 ~ 2025.12.30,미분류,-78.9180683518544,-39.89510844294048,1.0,2025-12-24,2025-12-30
2025125,2025.12.24 ~ 2025.12.30,부동산/실물자산,-79.84407864727737,-39.16324005460454,5.0,2025-12-24,2025-12-30
2025125,2025.12.24 ~ 2025.12.30,재테크/개인금융,-71.14227421711502,-18.981170014325087,2.0,2025-12-24,2025-12-30
2025125,2025.12.24 ~ 2025.12.30,주식투자/트레이딩,-76.23784981203504,-27.746769849988983,18.0,2025-12-24,2025-12-30
2025125,2025.12.24 ~ 2025.12.30,지정학/국제정세,-73.26889108486083,-8.52080810504346,4.0,2025-12-24,2025-12-30
2025125,2025.12.24 ~ 2025.12.30,테크/스타트업,-75.66438653861722,-28.224518426951448,14.0,2025-12-24,2025-12-30
2025125,2025.12.24 ~ 2025.12.30,투자철학/대가,-75.01892177986649,-42.09974856373013,0.0,2025-12-24,2025-12-30
2026011,2025.12.31 ~ 2026.01.06,거시경제/금융정책,-78.95307089436167,-74.13623202862797,0.0,2025-12-31,2026-01-06
2026011,2025.12.31 ~ 2026.01.06,경제이론/학술,-58.435329461725765,-65.76924307747133,0.0,2025-12-31,2026-01-06
2026011,2025.12.31 ~ 2026.01.06,금융시스템/위기,-22.257830891085728,-39.43731807057291,0.0,2025-12-31,2026-01-06
2026011,2025.12.31 ~ 2026.01.06,기업경영/리더십,-80.13894254807772,-78.54008494121818,0.0,2025-12-31,2026-01-06
2026011,2025.12.31 ~ 2026.01.06,미분류,-60.96567757691181,-69.94187296438311,0.0,2025-12-31,2026-01-06
2026011,2025.12.31 ~ 2026.01.06,부동산/실물자산,-46.774187217460444,-63.30913293236891,4.0,2025-12-31,2026-01-06
2026011,2025.12.31 ~ 2026.01.06,재테크/개인금융,-65.60749703345586,-68.37488562528543,0.0,2025-12-31,2026-01-06
2026011,2025.12.31 ~ 2026.01.06,주식투자/트레이딩,-81.12131998484277,-78.67958489843889,0.0,2025-12-31,2026-01-06
2026011,2025.12.31 ~ 2026.01.06,지정학/국제정세,-72.65529518625704,-72.96209313555892,0.0,2025-12-31,2026-01-06
2026011,2025.12.31 ~ 2026.01.06,테크/스타트업,-80.0637280516041,-77.86405729511065,0.0,2025-12-31,2026-01-06
2026011,2025.12.31 ~ 2026.01.06,투자철학/대가,-35.746194507139215,-55.38255814350288,0.0,2025-12-31,2026-01-06
